epoch,train_loss,val_loss,val_mpjpe,val_pck
1,495.407562,,,
2,475.542918,,,
3,472.033630,,,
4,509.182739,,,
5,526.158549,,,
6,458.045736,,,
7,470.908539,,,
8,495.442169,,,
9,446.091634,,,
10,470.919312,,,
